# Copyright (C) 2024  Intel Corporation. All rights reserved.
# Your use of Intel Corporation's design tools, logic functions 
# and other software and tools, and any partner logic 
# functions, and any output files from any of the foregoing 
# (including device programming or simulation files), and any 
# associated documentation or information are expressly subject 
# to the terms and conditions of the Intel Program License 
# Subscription Agreement, the Intel Quartus Prime License Agreement,
# the Intel FPGA IP License Agreement, or other applicable license
# agreement, including, without limitation, that your use is for
# the sole purpose of programming logic devices manufactured by
# Intel and sold by Intel or its authorized distributors.  Please
# refer to the applicable agreement for further details, at
# https://fpgasoftware.intel.com/eula.

# Quartus Prime Version 23.1std.1 Build 993 05/14/2024 SC Lite Edition
# File: D:\quartus ass\lab2\LAB2.1\DOC\counter_led.csv
# Generated on: Fri Oct  3 15:46:57 2025

# Note: The column header names should not be changed if you wish to import this .csv file into the Quartus Prime software.

To,Direction,Location,I/O Bank,VREF Group,Fitter Location,I/O Standard,Reserved,Current Strength,Slew Rate,Differential Pair,Strict Preservation
led_out,Output,PIN_L7,3,B3_N0,PIN_L7,2.5 V,,,,,
sys_clk,Input,PIN_L11,4,B4_N0,PIN_M2,2.5 V,,,,,
sys_rst_n,Input,PIN_M15,5,B5_N0,PIN_M1,2.5 V,,,,,
