{
	"partitions" : [
		{
			"name" : "Top",
			"pins" : [
				{
					"name" : "vga_hs",
					"strict" : false
				},
				{
					"name" : "vga_vs",
					"strict" : false
				},
				{
					"name" : "vga_rgb[0]",
					"strict" : false
				},
				{
					"name" : "vga_rgb[1]",
					"strict" : false
				},
				{
					"name" : "vga_rgb[2]",
					"strict" : false
				},
				{
					"name" : "vga_rgb[3]",
					"strict" : false
				},
				{
					"name" : "vga_rgb[4]",
					"strict" : false
				},
				{
					"name" : "vga_rgb[5]",
					"strict" : false
				},
				{
					"name" : "vga_rgb[6]",
					"strict" : false
				},
				{
					"name" : "vga_rgb[7]",
					"strict" : false
				},
				{
					"name" : "vga_rgb[8]",
					"strict" : false
				},
				{
					"name" : "vga_rgb[9]",
					"strict" : false
				},
				{
					"name" : "vga_rgb[10]",
					"strict" : false
				},
				{
					"name" : "vga_rgb[11]",
					"strict" : false
				},
				{
					"name" : "vga_rgb[12]",
					"strict" : false
				},
				{
					"name" : "vga_rgb[13]",
					"strict" : false
				},
				{
					"name" : "vga_rgb[14]",
					"strict" : false
				},
				{
					"name" : "vga_rgb[15]",
					"strict" : false
				},
				{
					"name" : "vga_clk",
					"strict" : false
				},
				{
					"name" : "sys_rst_n",
					"strict" : false
				},
				{
					"name" : "key_n",
					"strict" : false
				}
			]
		}
	]
}